"rank","city","state_id","census_2020","census_2010","change","state_name","latitude","longitude","costofliving","localpurchasingpower","groceries","rent","restaurant","f500_average_rank","f500_total_companies","f500_total_employees","f500_total_revenue","f500_total_profit","total_venues","total_superbowls"
1,"New York","NY",20140470,18897109,"0.0658","New York","40.6943","-73.9249","100","100","100","100","100","45",217,2056979,1101563,"125100.8",2,NULL
2,"Los Angeles","CA",13200998,12828837,"0.029","California","34.1139","-118.4068","79.77","101.94","75.58","76.74","91.39","5",239,200809,62007,"250.5",7,"2"
3,"Chicago","IL",9618502,9461105,"0.0166","Illinois","41.8373","-87.6862","77.33","120.44","72.28","59.14","78.49","9",251,500596,223695,"13237.2",9,NULL
4,"Dallas","TX",7637387,6366542,"0.1996","Texas","32.7936","-96.7662","66.62","154.38","60.73","50.19","72.03","9",208,582434,291732,"19832.2",4,NULL
5,"Houston","TX",7122240,5920416,"0.203","Texas","29.7863","-95.3889","63.05","146.14","58.87","44.99","67.34","17",255,323651,302452,"-9345.8",11,"3"
6,"Washington","DC",6385162,5649540,"0.1302","District of Columbia","38.9047","-77.0163","82.87","113.37","81.87","75.74","81.03","2",82,69000,127074,"14866.7",8,NULL
7,"Philadelphia","PA",6245051,5965343,"0.0469","Pennsylvania","40.0077","-75.1339","78.73","99.51","81.28","48.69","70.93","4",238,483242,109887,"9488.1",8,NULL
8,"Miami","FL",6138333,5564635,"0.1031","Florida","25.7839","-80.2102","78.39","82.17","76.43","64.82","80.22","3",252,47835,44753,"1300.8",4,"5"
9,"Atlanta","GA",6089815,5286728,"0.1519","Georgia","33.7627","-84.4224","75.26","121.78","77.77","50.25","65.57","13",228,1112420,329005,"30232.9",8,"3"
10,"Boston","MA",4941632,4552402,"0.0855","Massachusetts","42.3188","-71.0846","87.24","105.38","86.47","80.71","94","3",265,88290,54729,"4105.4",6,NULL
11,"Phoenix","AZ",4845832,4192887,"0.1557","Arizona","33.5722","-112.0891","69.27","112.93","65.35","42.88","72.56","3",194,80700,51396,"-3034.9",4,NULL
12,"San Francisco","CA",4749008,4335391,"0.0954","California","37.7562","-122.443","94.21","117.06","97.72","116.83","93.57","6",175,537300,335881,"28333.6",4,NULL
13,"Riverside","CA",4599839,4224851,"0.0888","California","33.9381","-117.3948",NULL,NULL,NULL,NULL,NULL,NULL,NULL,NULL,NULL,NULL,2,NULL
14,"Detroit","MI",4392041,4296250,"0.0223","Michigan","42.3834","-83.1024","68.57","102.08","65.19","40.02","67.95","3",189,242600,186845,"11362",5,"1"
15,"Seattle","WA",4018762,3439809,"0.1683","Washington","47.6211","-122.3244","86.25","128.62","84.31","68.46","87.8","6",257,713412,191991,"7814.5",6,NULL
16,"Minneapolis","MN",3690261,3346859,"0.1026","Minnesota","44.9635","-93.2678","81.02","104.72","83.66","46.96","78.92","6",190,461144,140421,"13347.6",5,"2"
17,"San Diego","CA",3298634,3095313,"0.0657","California","32.8312","-117.1225","74.5","108.41","71.94","70.05","78.71","2",200,47075,33737,"7075",5,"3"
18,"Tampa","FL",3175275,2783243,"0.1409","Florida","27.9942","-82.4451","75.08","97.97","80.07","44.94","71.15","1",195,7400,14237,"242.1",4,"4"
19,"Denver","CO",2963821,2543482,"0.1653","Colorado","39.7621","-104.8759","74.49","117.15","70.24","57.57","77.25","1",181,70300,15197,"879.9",4,NULL
20,"Baltimore","MD",2844510,2710489,"0.0494","Maryland","39.3051","-76.6144",NULL,NULL,NULL,NULL,NULL,NULL,NULL,NULL,NULL,NULL,7,NULL
21,"St. Louis","MO",2820253,2787701,"0.0117","Missouri","38.6358","-90.2451",NULL,NULL,NULL,NULL,NULL,NULL,NULL,NULL,NULL,NULL,NULL,NULL
22,"Orlando","FL",2673376,2134411,"0.2525","Florida","28.4772","-81.3369","66.84","117.15","65.65","42.71","65.7","1",385,150942,6934,"375",6,NULL
23,"Charlotte","NC",2660329,2243960,"0.1856","North Carolina","35.208","-80.8304","70.98","140.32","68.5","51.2","69.86","4",151,270522,142971,"20947.5",6,NULL
24,"San Antonio","TX",2558143,2142508,"0.194","Texas","29.4658","-98.5253","62.42","130.46","56.85","38.83","69.22","5",198,77327,136637,"4829.8",6,NULL
25,"Portland","OR",2512859,2226009,"0.1289","Oregon","45.5372","-122.65",NULL,NULL,NULL,NULL,NULL,NULL,NULL,NULL,NULL,NULL,5,NULL
26,"Sacramento","CA",2397382,2149127,"0.1155","California","38.5667","-121.4683",NULL,NULL,NULL,NULL,NULL,NULL,NULL,NULL,NULL,NULL,3,NULL
27,"Pittsburgh","PA",2370930,2356285,"0.0062","Pennsylvania","40.4396","-79.9762","78.01","109.17","82.54","39.74","61.65","4",250,136483,49198,"4441.6",5,NULL
28,"Austin","TX",2283371,1716289,"0.3304","Texas","30.3004","-97.7522","65.28","139.52","64.92","57.37","70.62","2",202,115015,28118,"-434",4,NULL
29,"Las Vegas","NV",2265461,1951269,"0.161","Nevada","36.2333","-115.2654","67.65","104.4","59.47","38.19","72.69","2",273,115500,20865,"2771.4",8,NULL
30,"Cincinnati","OH",2256884,2137667,"0.0558","Ohio","39.1413","-84.5061","63.3","120.35","62.79","39.81","59.99","6",241,723922,231626,"15556.2",5,NULL
31,"Kansas City","MO",2192035,2009342,"0.0909","Missouri","39.1239","-94.5541",NULL,NULL,NULL,NULL,NULL,NULL,NULL,NULL,NULL,NULL,3,NULL
32,"Columbus","OH",2138926,1901974,"0.1246","Ohio","39.9862","-82.985","70.12","131.05","67.2","36.4","69.81","4",238,134204,74228,"2256.1",5,NULL
33,"Indianapolis","IN",2111040,1887877,"0.1182","Indiana","39.7771","-86.1458","64.86","124.88","63.32","32.05","68.34","3",213,99025,111520,"7046.3",7,"1"
34,"Cleveland","OH",2088251,2077240,"0.0053","Ohio","41.4767","-81.6804","74.67","107.95","79.09","36.53","68.02","3",322,107200,28639,"2730.5",4,NULL
35,"San Jose","CA",2000468,1836911,"0.089","California","37.3019","-121.8486","74.68","141.69","72.89","85.04","74.42","3",211,104400,69068,"19406",4,NULL
36,"Nashville","TN",1989519,1646200,"0.2086","Tennessee","36.1715","-86.7843","72.43","98.29","71.13","53.27","74.07","1",63,210500,44747,"2890",8,NULL
37,"Virginia Beach","VA",1799674,1713954,"0.05","Virginia","36.7335","-76.0435",NULL,NULL,NULL,NULL,NULL,NULL,NULL,NULL,NULL,NULL,NULL,NULL
38,"Providence","RI",1676579,1600852,"0.0473","Rhode Island","41.823","-71.4187",NULL,NULL,NULL,NULL,NULL,"3",325,63154,28021,"2132.8",2,NULL
39,"Jacksonville","FL",1605848,1345596,"0.1934","Florida","30.3322","-81.6749","69.37","124.08","74.15","36.75","70.97","3",284,136847,29864,"2932",3,"1"
40,"Milwaukee","WI",1574731,1555908,"0.0121","Wisconsin","43.0642","-87.9673","73.72","104.95","73.49","39.16","68.73","5",298,69720,67802,"3622.6",3,NULL
41,"Oklahoma City","OK",1425695,1252987,"0.1378","Oklahoma","35.4676","-97.5136","64.6","117.41","68.7","31.55","57.54","2",287,6845,20069,"-7703",3,NULL
42,"Raleigh","NC",1413982,1130490,"0.2508","North Carolina","35.8325","-78.6435",NULL,NULL,NULL,NULL,NULL,NULL,NULL,NULL,NULL,NULL,2,NULL
43,"Memphis","TN",1337779,1316100,"0.0165","Tennessee","35.1046","-89.9773","61.78","98.93","57.22","34.16","67.01","3",154,457547,82080,"3965",4,NULL
44,"Richmond","VA",1314434,1186501,"0.1078","Virginia","37.5295","-77.4756","66.23","120.24","62.7","39.4","72.96","5",212,63329,71381,"16776.7",3,NULL
45,"Louisville","KY",1285439,1202718,"0.0688","Kentucky","38.1663","-85.6485","64.17","104.08","62.92","33.8","68.24","3",284,218250,67972,"1568.8",5,NULL
46,"New Orleans","LA",1271845,1189866,"0.0689","Louisiana","30.0687","-89.9288","72.13","92.46","66.41","42.12","75.88","1",263,13513,10846,"-583.6",6,"10"
47,"Salt Lake City","UT",1257936,1087873,"0.1563","Utah","40.7777","-111.9306","63.9","149.79","60.05","39.55","65.64","1",289,15000,9657,"326",4,NULL
48,"Hartford","CT",1213531,1212381,"0.0009","Connecticut","41.7661","-72.6834",NULL,NULL,NULL,NULL,NULL,"2",98,66400,81455,"3167",2,NULL
49,"Buffalo","NY",1166902,1135509,"0.0276","New York","42.9016","-78.8487","73.38","118.84","70.73","29.31","71.1","1",455,16487,5722,"1315.1",3,NULL
50,"Birmingham","AL",1115289,1061024,"0.0511","Alabama","33.5277","-86.7987","74.43","83.41","76.01","30.25","72.17","1",436,22166,5967,"1163",4,NULL
51,"Rochester","NY",1090135,1079671,"0.0097","New York","43.168","-77.6162",NULL,NULL,NULL,NULL,NULL,NULL,NULL,NULL,NULL,NULL,1,NULL
52,"Grand Rapids","MI",1087592,993670,"0.0945","Michigan","42.962","-85.6562",NULL,NULL,NULL,NULL,NULL,NULL,NULL,NULL,NULL,NULL,NULL,NULL
53,"Tucson","AZ",1043433,980263,"0.0644","Arizona","32.1545","-110.8782",NULL,NULL,NULL,NULL,NULL,NULL,NULL,NULL,NULL,NULL,2,NULL
54," Honolulu","HI",1016508,953207,"0.0664",NULL,NULL,NULL,NULL,NULL,NULL,NULL,NULL,NULL,NULL,NULL,NULL,NULL,NULL,NULL
55,"Tulsa","OK",1015331,937478,"0.083","Oklahoma","36.1284","-95.9042","62.25","122.15","57.54","30.28","65.11","3",305,11188,28162,"-270.9",4,NULL
56,"Fresno","CA",1008654,930450,"0.084","California","36.7831","-119.7941",NULL,NULL,NULL,NULL,NULL,NULL,NULL,NULL,NULL,NULL,3,NULL
57,"Worcester","MA",978529,916980,"0.0671","Massachusetts","42.2705","-71.8079",NULL,NULL,NULL,NULL,NULL,NULL,NULL,NULL,NULL,NULL,1,NULL
58,"Omaha","NE",967604,865350,"0.1182","Nebraska","41.2627","-96.0522","72.72","102.23","71.12","30.41","71.33","5",202,457251,274151,"28382.6",3,NULL
59,"Bridgeport","CT",957419,916829,"0.0443","Connecticut","41.1918","-73.1953",NULL,NULL,NULL,NULL,NULL,NULL,NULL,NULL,NULL,NULL,1,NULL
60,"Greenville","SC",928195,824112,"0.1263","South Carolina","34.8353","-82.3647",NULL,NULL,NULL,NULL,NULL,NULL,NULL,NULL,NULL,NULL,NULL,NULL
61,"Albuquerque","NM",916528,887077,"0.0332","New Mexico","35.1053","-106.6464",NULL,NULL,NULL,NULL,NULL,NULL,NULL,NULL,NULL,NULL,3,NULL
62,"Bakersfield","CA",909235,839631,"0.0829","California","35.3529","-119.0359",NULL,NULL,NULL,NULL,NULL,NULL,NULL,NULL,NULL,NULL,2,NULL
63,"Albany","NY",899262,870716,"0.0328","New York","42.6664","-73.7987",NULL,NULL,NULL,NULL,NULL,NULL,NULL,NULL,NULL,NULL,2,NULL
64,"Knoxville","TN",879773,814914,"0.0796","Tennessee","35.9692","-83.9496",NULL,NULL,NULL,NULL,NULL,NULL,NULL,NULL,NULL,NULL,2,NULL
65,"McAllen","TX",870781,774769,"0.1239","Texas","26.2273","-98.2471",NULL,NULL,NULL,NULL,NULL,NULL,NULL,NULL,NULL,NULL,NULL,NULL
66,"Baton Rouge","LA",870569,825905,"0.0541","Louisiana","30.4418","-91.131",NULL,NULL,NULL,NULL,NULL,NULL,NULL,NULL,NULL,NULL,3,NULL
67,"El Paso","TX",868859,804123,"0.0805","Texas","31.8479","-106.4309","54.68","110.44","50.96","24.11","48.45","1",349,7134,7743,"124.9",3,NULL
68,"New Haven","CT",864835,862477,"0.0027","Connecticut","41.3112","-72.9246",NULL,NULL,NULL,NULL,NULL,NULL,NULL,NULL,NULL,NULL,1,NULL
69,"Allentown","PA",861889,821173,"0.0496","Pennsylvania","40.5961","-75.4756",NULL,NULL,NULL,NULL,NULL,"2",330,31139,17041,"2533.1",1,NULL
70,"Oxnard","CA",843843,823318,"0.0249","California","34.1963","-119.1815",NULL,NULL,NULL,NULL,NULL,NULL,NULL,NULL,NULL,NULL,NULL,NULL
71,"North Port","FL",833716,702281,"0.1872","Florida","27.0577","-82.1975",NULL,NULL,NULL,NULL,NULL,NULL,NULL,NULL,NULL,NULL,NULL,NULL
72,"Columbia","SC",829470,767598,"0.0806","South Carolina","34.0376","-80.9037",NULL,NULL,NULL,NULL,NULL,NULL,NULL,NULL,NULL,NULL,2,NULL
73,"Dayton","OH",814049,799232,"0.0185","Ohio","39.7797","-84.1998",NULL,NULL,NULL,NULL,NULL,NULL,NULL,NULL,NULL,NULL,2,NULL
74,"Charleston","SC",799636,664607,"0.2032","South Carolina","32.8153","-79.9628",NULL,NULL,NULL,NULL,NULL,NULL,NULL,NULL,NULL,NULL,3,NULL
75,"Stockton","CA",779233,685306,"0.1371","California","37.9765","-121.3109",NULL,NULL,NULL,NULL,NULL,NULL,NULL,NULL,NULL,NULL,1,NULL
76,"Greensboro","NC",776566,723801,"0.0729","North Carolina","36.0956","-79.8269","69.75","86.73","71.08","38.5","70.66","1",230,69000,12207,"1074.1",3,NULL
77,"Boise City","ID",764718,616561,"0.2403",NULL,NULL,NULL,NULL,NULL,NULL,NULL,NULL,NULL,NULL,NULL,NULL,NULL,NULL,NULL
78,"Cape Coral","FL",760822,618754,"0.2296","Florida","26.6446","-81.9956",NULL,NULL,NULL,NULL,NULL,NULL,NULL,NULL,NULL,NULL,NULL,NULL
79,"Colorado Springs","CO",755105,645613,"0.1696","Colorado","38.8674","-104.7606",NULL,NULL,NULL,NULL,NULL,NULL,NULL,NULL,NULL,NULL,2,NULL
80,"Little Rock","AR",748031,699757,"0.069","Arkansas","34.7256","-92.3576","59.39","119.1","56.72","26.66","65.06","2",451,42670,11805,"-214.3",2,NULL
81,"Lakeland","FL",725046,602095,"0.2042","Florida","28.0556","-81.9545",NULL,NULL,NULL,NULL,NULL,"1",85,191000,34274,"2025.7",NULL,NULL
82,"Des Moines","IA",709466,606475,"0.1698","Iowa","41.5725","-93.6105","67.85","100.77","69.56","31.11","64.61","1",227,14854,12394,"1316.5",2,NULL
83,"Akron","OH",702219,703200,"-0.0014","Ohio","41.0798","-81.5219","61.11","96.72","62.16","23.67","53.81","2",190,81707,29314,"-4913",3,NULL
84,"Springfield","MA",699162,692942,"0.009","Massachusetts","42.1155","-72.5395",NULL,NULL,NULL,NULL,NULL,"2",218,19499,45427,"2215.8",NULL,NULL
85,"Poughkeepsie","NY",697221,670301,"0.0402","New York","41.6949","-73.921",NULL,NULL,NULL,NULL,NULL,NULL,NULL,NULL,NULL,NULL,1,NULL
86,"Ogden","UT",694863,597159,"0.1636","Utah","41.2278","-111.9682",NULL,NULL,NULL,NULL,NULL,NULL,NULL,NULL,NULL,NULL,1,NULL
87,"Madison","WI",680796,605435,"0.1245","Wisconsin","43.0826","-89.3931","67.47","113.61","65.25","38.07","75.63","1",315,10471,8829,"325.6",2,NULL
88,"Winston","NC",675966,640595,"0.0552",NULL,NULL,NULL,NULL,NULL,NULL,NULL,NULL,NULL,NULL,NULL,NULL,NULL,NULL,NULL
89,"Provo","UT",671185,526810,"0.2741","Utah","40.2457","-111.6457",NULL,NULL,NULL,NULL,NULL,NULL,NULL,NULL,NULL,NULL,2,NULL
90,"Deltona","FL",668921,590289,"0.1332","Florida","28.905","-81.2137",NULL,NULL,NULL,NULL,NULL,NULL,NULL,NULL,NULL,NULL,NULL,NULL
91,"Syracuse","NY",662057,662577,"-0.0008","New York","43.0409","-76.1438",NULL,NULL,NULL,NULL,NULL,NULL,NULL,NULL,NULL,NULL,2,NULL
92,"Durham","NC",649903,564273,"0.1518","North Carolina","35.9794","-78.9031","70.15","97.23","80.42","43.73","64.95","1",390,50000,6878,"115",4,NULL
93,"Wichita","KS",647610,623061,"0.0394","Kansas","37.6896","-97.3442","58.68","113.16","53.86","23.25","57.83","1",393,14400,6793,"469.7",1,NULL
94,"Toledo","OH",646604,651429,"-0.0074","Ohio","41.6639","-83.5822","65.27","82.75","64.96","23.67","65.04","1",458,16000,5677,"393",3,NULL
95,"Augusta","GA",611000,564873,"0.0817","Georgia","33.3645","-82.0708",NULL,NULL,NULL,NULL,NULL,NULL,NULL,NULL,NULL,NULL,1,NULL
96,"Palm Bay","FL",606612,543376,"0.1164","Florida","27.955","-80.6627",NULL,NULL,NULL,NULL,NULL,NULL,NULL,NULL,NULL,NULL,NULL,NULL
97,"Jackson","MS",591978,586320,"0.0097","Mississippi","32.3163","-90.2124",NULL,NULL,NULL,NULL,NULL,NULL,NULL,NULL,NULL,NULL,2,NULL
98,"Harrisburg","PA",591712,549475,"0.0769","Pennsylvania","40.2752","-76.8843",NULL,NULL,NULL,NULL,NULL,NULL,NULL,NULL,NULL,NULL,NULL,NULL
99,"Spokane","WA",585784,514752,"0.138","Washington","47.6671","-117.433",NULL,NULL,NULL,NULL,NULL,NULL,NULL,NULL,NULL,NULL,1,NULL
100,"Scranton","PA",567559,563631,"0.007","Pennsylvania","41.4044","-75.6649",NULL,NULL,NULL,NULL,NULL,NULL,NULL,NULL,NULL,NULL,NULL,NULL
101,"Chattanooga","TN",562647,528143,"0.0653","Tennessee","35.0657","-85.2488","65.06","86.67","68.21","38.51","58.82","1",258,9400,11047,"931.4",1,NULL
102,"Lancaster","PA",552984,519445,"0.0646","Pennsylvania","40.0421","-76.3012",NULL,NULL,NULL,NULL,NULL,NULL,NULL,NULL,NULL,NULL,NULL,NULL
103,"Modesto","CA",552878,514453,"0.0747","California","37.6374","-121.0028",NULL,NULL,NULL,NULL,NULL,NULL,NULL,NULL,NULL,NULL,NULL,NULL
104,"Portland","ME",551740,514098,"0.0732","Maine","43.6773","-70.2715",NULL,NULL,NULL,NULL,NULL,NULL,NULL,NULL,NULL,NULL,NULL,NULL
105,"Fayetteville","AR",546725,440121,"0.2422","Arkansas","36.0713","-94.166",NULL,NULL,NULL,NULL,NULL,NULL,NULL,NULL,NULL,NULL,2,NULL
106,"Lansing","MI",541297,534684,"0.0124","Michigan","42.7142","-84.5601",NULL,NULL,NULL,NULL,NULL,"1",398,4737,6775,"706.3",NULL,NULL
107,"Youngstown","OH",541243,565773,"-0.0434","Ohio","41.0993","-80.6463",NULL,NULL,NULL,NULL,NULL,NULL,NULL,NULL,NULL,NULL,1,NULL
108,"Fayetteville","NC",520378,481061,"0.0817","North Carolina","35.0846","-78.9776",NULL,NULL,NULL,NULL,NULL,NULL,NULL,NULL,NULL,NULL,NULL,NULL
109,"Lexington","KY",516811,472099,"0.0947","Kentucky","38.0423","-84.4587",NULL,NULL,NULL,NULL,NULL,NULL,NULL,NULL,NULL,NULL,3,NULL
110,"Pensacola","FL",509905,448991,"0.1357","Florida","30.4427","-87.1886",NULL,NULL,NULL,NULL,NULL,NULL,NULL,NULL,NULL,NULL,NULL,NULL
111,"Huntsville","AL",491723,417593,"0.1775","Alabama","34.6988","-86.6412",NULL,NULL,NULL,NULL,NULL,NULL,NULL,NULL,NULL,NULL,NULL,NULL
112,"Reno","NV",490596,425417,"0.1532","Nevada","39.5497","-119.8483",NULL,NULL,NULL,NULL,NULL,NULL,NULL,NULL,NULL,NULL,4,NULL
113,"Santa Rosa","CA",488863,483878,"0.0103","California","38.4458","-122.7067",NULL,NULL,NULL,NULL,NULL,NULL,NULL,NULL,NULL,NULL,NULL,NULL
114,"Myrtle Beach","SC",487722,376722,"0.2946","South Carolina","33.7096","-78.8843",NULL,NULL,NULL,NULL,NULL,NULL,NULL,NULL,NULL,NULL,NULL,NULL
115,"Port St. Lucie","FL",487657,424107,"0.1498","Florida","27.2796","-80.3883",NULL,NULL,NULL,NULL,NULL,NULL,NULL,NULL,NULL,NULL,NULL,NULL
116,"Lafayette","LA",478384,466750,"0.0249","Louisiana","30.2084","-92.0323",NULL,NULL,NULL,NULL,NULL,NULL,NULL,NULL,NULL,NULL,2,NULL
117,"Springfield","MO",475432,436712,"0.0887","Missouri","37.1943","-93.2916",NULL,NULL,NULL,NULL,NULL,"1",323,58397,8593,"1037.7",1,NULL
118,"Killeen","TX",475367,405300,"0.1729","Texas","31.0754","-97.7296",NULL,NULL,NULL,NULL,NULL,NULL,NULL,NULL,NULL,NULL,NULL,NULL
119,"Visalia","CA",473117,442179,"0.07","California","36.3276","-119.3269",NULL,NULL,NULL,NULL,NULL,NULL,NULL,NULL,NULL,NULL,NULL,NULL
120,"Asheville","NC",469015,424858,"0.1039","North Carolina","35.5704","-82.5536",NULL,NULL,NULL,NULL,NULL,NULL,NULL,NULL,NULL,NULL,1,NULL
121,"York","PA",456438,434972,"0.0494","Pennsylvania","39.9651","-76.7315",NULL,NULL,NULL,NULL,NULL,NULL,NULL,NULL,NULL,NULL,NULL,NULL
122,"Vallejo","CA",453491,413344,"0.0971","California","38.1133","-122.2358",NULL,NULL,NULL,NULL,NULL,NULL,NULL,NULL,NULL,NULL,NULL,NULL
123,"Santa Maria","CA",448229,423895,"0.0574","California","34.9334","-120.4432",NULL,NULL,NULL,NULL,NULL,NULL,NULL,NULL,NULL,NULL,NULL,NULL
124,"Salinas","CA",439035,415057,"0.0578","California","36.6884","-121.6317",NULL,NULL,NULL,NULL,NULL,NULL,NULL,NULL,NULL,NULL,1,NULL
125,"Salem","OR",433353,390738,"0.1091","Oregon","44.9231","-123.0246",NULL,NULL,NULL,NULL,NULL,NULL,NULL,NULL,NULL,NULL,NULL,NULL
126,"Mobile","AL",430197,430573,"-0.0009","Alabama","30.6783","-88.1162",NULL,NULL,NULL,NULL,NULL,NULL,NULL,NULL,NULL,NULL,2,NULL
127,"Reading","PA",428849,411442,"0.0423","Pennsylvania","40.34","-75.9267",NULL,NULL,NULL,NULL,NULL,NULL,NULL,NULL,NULL,NULL,NULL,NULL
128,"Manchester","NH",422937,400721,"0.0554","New Hampshire","42.9848","-71.4447",NULL,NULL,NULL,NULL,NULL,NULL,NULL,NULL,NULL,NULL,NULL,NULL
129,"Corpus Christi","TX",421933,405027,"0.0417","Texas","27.726","-97.3755",NULL,NULL,NULL,NULL,NULL,NULL,NULL,NULL,NULL,NULL,1,NULL
130,"Brownsville","TX",421017,406220,"0.0364","Texas","25.998","-97.4565",NULL,NULL,NULL,NULL,NULL,NULL,NULL,NULL,NULL,NULL,NULL,NULL
131,"Fort Wayne","IN",419601,388621,"0.0797","Indiana","41.0886","-85.1437",NULL,NULL,NULL,NULL,NULL,"1",347,7695,7777,"382.1",2,NULL
132,"Salisbury","MD",418046,373802,"0.1184","Maryland","38.3756","-75.5867",NULL,NULL,NULL,NULL,NULL,NULL,NULL,NULL,NULL,NULL,NULL,NULL
133,"Gulfport","MS",416259,388488,"0.0715","Mississippi","30.4271","-89.0703",NULL,NULL,NULL,NULL,NULL,NULL,NULL,NULL,NULL,NULL,NULL,NULL
134,"Flint","MI",406211,425790,"-0.046","Michigan","43.0235","-83.6922",NULL,NULL,NULL,NULL,NULL,NULL,NULL,NULL,NULL,NULL,NULL,NULL
135,"Savannah","GA",404798,347611,"0.1645","Georgia","32.0281","-81.1784",NULL,NULL,NULL,NULL,NULL,NULL,NULL,NULL,NULL,NULL,1,NULL
136,"Peoria","IL",402391,416255,"-0.0333","Illinois","40.752","-89.6153",NULL,NULL,NULL,NULL,NULL,"1",74,95400,38537,"-67",1,NULL
137,"Canton","OH",401574,404422,"-0.007","Ohio","40.8075","-81.3677",NULL,NULL,NULL,NULL,NULL,NULL,NULL,NULL,NULL,NULL,NULL,NULL
138,"Anchorage","AK",398328,380821,"0.046","Alaska","61.1508","-149.1091",NULL,NULL,NULL,NULL,NULL,NULL,NULL,NULL,NULL,NULL,NULL,NULL
139,"Beaumont","TX",397565,388745,"0.0227","Texas","30.0849","-94.1451",NULL,NULL,NULL,NULL,NULL,NULL,NULL,NULL,NULL,NULL,1,NULL
140,"Shreveport","LA",393406,398604,"-0.013","Louisiana","32.4656","-93.7956",NULL,NULL,NULL,NULL,NULL,NULL,NULL,NULL,NULL,NULL,NULL,NULL
141,"Trenton","NJ",387340,366513,"0.0568","New Jersey","40.2236","-74.7641",NULL,NULL,NULL,NULL,NULL,NULL,NULL,NULL,NULL,NULL,NULL,NULL
142,"Montgomery","AL",386047,374536,"0.0307","Alabama","32.3473","-86.2666",NULL,NULL,NULL,NULL,NULL,NULL,NULL,NULL,NULL,NULL,1,NULL
143,"Davenport","IA",384324,379690,"0.0122","Iowa","41.5563","-90.6052",NULL,NULL,NULL,NULL,NULL,NULL,NULL,NULL,NULL,NULL,NULL,NULL
144,"Tallahassee","FL",384298,367413,"0.046","Florida","30.4551","-84.2526",NULL,NULL,NULL,NULL,NULL,NULL,NULL,NULL,NULL,NULL,3,NULL
145,"Eugene","OR",382971,351715,"0.0889","Oregon","44.0563","-123.1173",NULL,NULL,NULL,NULL,NULL,NULL,NULL,NULL,NULL,NULL,2,NULL
146,"Ocala","FL",375908,331298,"0.1347","Florida","29.178","-82.1511",NULL,NULL,NULL,NULL,NULL,NULL,NULL,NULL,NULL,NULL,NULL,NULL
147,"Naples","FL",375752,321520,"0.1687","Florida","26.1504","-81.7936",NULL,NULL,NULL,NULL,NULL,NULL,NULL,NULL,NULL,NULL,1,NULL
148,"Ann Arbor","MI",372258,344791,"0.0797","Michigan","42.2755","-83.7312",NULL,NULL,NULL,NULL,NULL,NULL,NULL,NULL,NULL,NULL,2,NULL
149,"Hickory","NC",365276,365497,"-0.0006","North Carolina","35.7425","-81.323",NULL,NULL,NULL,NULL,NULL,NULL,NULL,NULL,NULL,NULL,NULL,NULL
150,"Huntington","WV",359862,370908,"-0.0298","West Virginia","38.4109","-82.4344",NULL,NULL,NULL,NULL,NULL,NULL,NULL,NULL,NULL,NULL,2,NULL
151,"Fort Collins","CO",359066,299630,"0.1984","Colorado","40.5478","-105.0656",NULL,NULL,NULL,NULL,NULL,NULL,NULL,NULL,NULL,NULL,2,NULL
152,"Lincoln","NE",340217,302157,"0.126","Nebraska","40.809","-96.6788",NULL,NULL,NULL,NULL,NULL,NULL,NULL,NULL,NULL,NULL,2,NULL
153,"Gainesville","FL",339247,305076,"0.112","Florida","29.6804","-82.3458",NULL,NULL,NULL,NULL,NULL,NULL,NULL,NULL,NULL,NULL,2,NULL
154,"Rockford","IL",338798,349431,"-0.0304","Illinois","42.2597","-89.0641",NULL,NULL,NULL,NULL,NULL,NULL,NULL,NULL,NULL,NULL,NULL,NULL
155,"Boulder","CO",330758,294567,"0.1229","Colorado","40.0249","-105.2523",NULL,NULL,NULL,NULL,NULL,NULL,NULL,NULL,NULL,NULL,2,NULL
156,"Greeley","CO",328981,252825,"0.3012","Colorado","40.4151","-104.7706",NULL,NULL,NULL,NULL,NULL,NULL,NULL,NULL,NULL,NULL,NULL,NULL
157,"Columbus","GA",328883,307788,"0.0685","Georgia","32.51","-84.8771",NULL,NULL,NULL,NULL,NULL,"1",126,10212,22559,"2659",NULL,NULL
158,"Green Bay","WI",328268,306241,"0.0719","Wisconsin","44.515","-87.9896",NULL,NULL,NULL,NULL,NULL,NULL,NULL,NULL,NULL,NULL,2,NULL
159,"Spartanburg","SC",327997,284307,"0.1537","South Carolina","34.9437","-81.9257",NULL,NULL,NULL,NULL,NULL,NULL,NULL,NULL,NULL,NULL,2,NULL
160,"South Bend","IN",324501,319224,"0.0165","Indiana","41.6767","-86.2696",NULL,NULL,NULL,NULL,NULL,NULL,NULL,NULL,NULL,NULL,NULL,NULL
161,"Lubbock","TX",321368,290805,"0.1051","Texas","33.5659","-101.8878",NULL,NULL,NULL,NULL,NULL,NULL,NULL,NULL,NULL,NULL,2,NULL
162,"Clarksville","TN",320535,273949,"0.1701","Tennessee","36.5695","-87.342",NULL,NULL,NULL,NULL,NULL,NULL,NULL,NULL,NULL,NULL,1,NULL
163,"Roanoke","VA",315251,308707,"0.0212","Virginia","37.2785","-79.958",NULL,NULL,NULL,NULL,NULL,"1",292,57500,9568,"459.6",NULL,NULL
164,"Evansville","IN",314049,311552,"0.008","Indiana","37.9881","-87.5341",NULL,NULL,NULL,NULL,NULL,"1",413,21000,6489,"236",1,NULL
165,"Kingsport","TN",307614,309544,"-0.0062","Tennessee","36.5224","-82.5453",NULL,NULL,NULL,NULL,NULL,"1",309,14000,9008,"854",NULL,NULL
166,"Kennewick","WA",303622,253340,"0.1985","Washington","46.1978","-119.1732",NULL,NULL,NULL,NULL,NULL,NULL,NULL,NULL,NULL,NULL,NULL,NULL
167,"Olympia","WA",294793,252264,"0.1686","Washington","47.0417","-122.8959",NULL,NULL,NULL,NULL,NULL,NULL,NULL,NULL,NULL,NULL,NULL,NULL
168,"Hagerstown","MD",293844,269140,"0.0918","Maryland","39.6401","-77.7217",NULL,NULL,NULL,NULL,NULL,NULL,NULL,NULL,NULL,NULL,NULL,NULL
169,"Utica","NY",292264,299397,"-0.0238","New York","43.0961","-75.226",NULL,NULL,NULL,NULL,NULL,NULL,NULL,NULL,NULL,NULL,NULL,NULL
170,"Duluth","MN",291638,290637,"0.0034","Minnesota","46.7756","-92.1392",NULL,NULL,NULL,NULL,NULL,NULL,NULL,NULL,NULL,NULL,NULL,NULL
171,"Crestview","FL",286973,235865,"0.2167","Florida","30.748","-86.5784",NULL,NULL,NULL,NULL,NULL,NULL,NULL,NULL,NULL,NULL,NULL,NULL
172,"Longview","TX",286184,280000,"0.0221","Texas","32.5193","-94.7621",NULL,NULL,NULL,NULL,NULL,NULL,NULL,NULL,NULL,NULL,NULL,NULL
173,"Wilmington","NC",285905,254884,"0.1217","North Carolina","34.21","-77.8866",NULL,NULL,NULL,NULL,NULL,NULL,NULL,NULL,NULL,NULL,2,NULL
174,"San Luis Obispo","CA",282424,269637,"0.0474","California","35.2669","-120.6691",NULL,NULL,NULL,NULL,NULL,NULL,NULL,NULL,NULL,NULL,1,NULL
175,"Merced","CA",281202,255793,"0.0993","California","37.3057","-120.4778",NULL,NULL,NULL,NULL,NULL,NULL,NULL,NULL,NULL,NULL,NULL,NULL
176,"Waco","TX",277547,252772,"0.098","Texas","31.5598","-97.1881",NULL,NULL,NULL,NULL,NULL,NULL,NULL,NULL,NULL,NULL,2,NULL
177,"Sioux Falls","SD",276730,228261,"0.2123","South Dakota","43.5397","-96.732",NULL,NULL,NULL,NULL,NULL,NULL,NULL,NULL,NULL,NULL,NULL,NULL
178,"Cedar Rapids","IA",276520,257940,"0.072","Iowa","41.9665","-91.6782",NULL,NULL,NULL,NULL,NULL,"1",492,19000,5259,"728",NULL,NULL
179,"Bremerton","WA",275611,251133,"0.0975","Washington","47.5436","-122.7122",NULL,NULL,NULL,NULL,NULL,NULL,NULL,NULL,NULL,NULL,NULL,NULL
180,"Atlantic City","NJ",274534,274549,"-0.0001","New Jersey","39.3797","-74.4527",NULL,NULL,NULL,NULL,NULL,NULL,NULL,NULL,NULL,NULL,NULL,NULL
181,"Erie","PA",270876,280566,"-0.0345","Pennsylvania","42.1168","-80.0733",NULL,NULL,NULL,NULL,NULL,"1",382,4988,7016,"741.9",NULL,NULL
182,"Santa Cruz","CA",270861,262382,"0.0323","California","36.9789","-122.0346",NULL,NULL,NULL,NULL,NULL,NULL,NULL,NULL,NULL,NULL,NULL,NULL
183,"Amarillo","TX",268761,251933,"0.0668","Texas","35.1988","-101.8311",NULL,NULL,NULL,NULL,NULL,NULL,NULL,NULL,NULL,NULL,NULL,NULL
184,"Tuscaloosa","AL",268674,239207,"0.1232","Alabama","33.2348","-87.5267",NULL,NULL,NULL,NULL,NULL,NULL,NULL,NULL,NULL,NULL,2,NULL
185,"Norwich","CT",268555,274055,"-0.0201","Connecticut","41.5495","-72.0882",NULL,NULL,NULL,NULL,NULL,NULL,NULL,NULL,NULL,NULL,NULL,NULL
186,"College Station","TX",268248,228660,"0.1731","Texas","30.5852","-96.296",NULL,NULL,NULL,NULL,NULL,NULL,NULL,NULL,NULL,NULL,2,NULL
187,"Laredo","TX",267114,250304,"0.0672","Texas","27.5629","-99.4875",NULL,NULL,NULL,NULL,NULL,NULL,NULL,NULL,NULL,NULL,1,NULL
188,"Kalamazoo","MI",261670,250331,"0.0453","Michigan","42.2749","-85.5882",NULL,NULL,NULL,NULL,NULL,"1",252,33000,11325,"1647",2,NULL
189,"Lynchburg","VA",261593,252634,"0.0355","Virginia","37.4003","-79.1909",NULL,NULL,NULL,NULL,NULL,NULL,NULL,NULL,NULL,NULL,2,NULL
190,"Charleston","WV",258859,278009,"-0.0689","West Virginia","38.3484","-81.6323",NULL,NULL,NULL,NULL,NULL,NULL,NULL,NULL,NULL,NULL,NULL,NULL
191,"Yakima","WA",256728,243231,"0.0555","Washington","46.5923","-120.5496",NULL,NULL,NULL,NULL,NULL,NULL,NULL,NULL,NULL,NULL,NULL,NULL
192,"Fargo","ND",249843,208777,"0.1967","North Dakota","46.8652","-96.8292",NULL,NULL,NULL,NULL,NULL,NULL,NULL,NULL,NULL,NULL,1,NULL
193,"Binghamton","NY",247138,251725,"-0.0182","New York","42.1014","-75.9093",NULL,NULL,NULL,NULL,NULL,NULL,NULL,NULL,NULL,NULL,1,NULL
194,"Fort Smith","AR",244310,248208,"-0.0157","Arkansas","35.3493","-94.3695",NULL,NULL,NULL,NULL,NULL,NULL,NULL,NULL,NULL,NULL,NULL,NULL
195,"Appleton","WI",243147,225666,"0.0775","Wisconsin","44.2779","-88.3891",NULL,NULL,NULL,NULL,NULL,NULL,NULL,NULL,NULL,NULL,NULL,NULL
196,"Prescott Valley","AZ",236209,211033,"0.1193","Arizona","34.5983","-112.3176",NULL,NULL,NULL,NULL,NULL,NULL,NULL,NULL,NULL,NULL,NULL,NULL
197,"Macon","GA",233802,232293,"0.0065","Georgia","32.8065","-83.6974",NULL,NULL,NULL,NULL,NULL,NULL,NULL,NULL,NULL,NULL,1,NULL
198,"Tyler","TX",233479,209714,"0.1133","Texas","32.3184","-95.3062",NULL,NULL,NULL,NULL,NULL,NULL,NULL,NULL,NULL,NULL,NULL,NULL
199,"Topeka","KS",233152,233870,"-0.0031","Kansas","39.0346","-95.6955",NULL,NULL,NULL,NULL,NULL,NULL,NULL,NULL,NULL,NULL,NULL,NULL
200,"Daphne","AL",231767,182265,"0.2716","Alabama","30.6286","-87.8866",NULL,NULL,NULL,NULL,NULL,NULL,NULL,NULL,NULL,NULL,NULL,NULL
201,"Barnstable Town","MA",228996,215888,"0.0607",NULL,NULL,NULL,NULL,NULL,NULL,NULL,NULL,NULL,NULL,NULL,NULL,NULL,NULL,NULL
202,"Bellingham","WA",226847,201140,"0.1278","Washington","48.7543","-122.4687",NULL,NULL,NULL,NULL,NULL,NULL,NULL,NULL,NULL,NULL,NULL,NULL
203,"Rochester","MN",226329,206877,"0.094","Minnesota","44.0151","-92.4778",NULL,NULL,NULL,NULL,NULL,NULL,NULL,NULL,NULL,NULL,NULL,NULL
204,"Burlington","VT",225562,211261,"0.0677","Vermont","44.4877","-73.2314",NULL,NULL,NULL,NULL,NULL,NULL,NULL,NULL,NULL,NULL,1,NULL
205,"Lafayette","IN",223716,210297,"0.0638","Indiana","40.399","-86.8594",NULL,NULL,NULL,NULL,NULL,NULL,NULL,NULL,NULL,NULL,NULL,NULL
206,"Medford","OR",223259,203206,"0.0987","Oregon","42.3372","-122.8537",NULL,NULL,NULL,NULL,NULL,"1",318,11170,8678,"197.1",NULL,NULL
207,"Champaign","IL",222538,217810,"0.0217","Illinois","40.1144","-88.2735",NULL,NULL,NULL,NULL,NULL,NULL,NULL,NULL,NULL,NULL,2,NULL
208,"Lake Charles","LA",222402,199607,"0.1142","Louisiana","30.2012","-93.2122",NULL,NULL,NULL,NULL,NULL,NULL,NULL,NULL,NULL,NULL,1,NULL
209,"Charlottesville","VA",221524,201559,"0.0991","Virginia","38.0375","-78.4855",NULL,NULL,NULL,NULL,NULL,NULL,NULL,NULL,NULL,NULL,NULL,NULL
210,"Las Cruces","NM",219561,209233,"0.0494","New Mexico","32.3265","-106.7892",NULL,NULL,NULL,NULL,NULL,NULL,NULL,NULL,NULL,NULL,2,NULL
211,"Hilton Head Island","SC",215908,187010,"0.1545","South Carolina","32.1896","-80.7499",NULL,NULL,NULL,NULL,NULL,NULL,NULL,NULL,NULL,NULL,1,NULL
212,"Athens","GA",215415,192541,"0.1188","Georgia","33.9508","-83.3689",NULL,NULL,NULL,NULL,NULL,NULL,NULL,NULL,NULL,NULL,2,NULL
213,"Lake Havasu City","AZ",213267,200186,"0.0653","Arizona","34.5006","-114.3113",NULL,NULL,NULL,NULL,NULL,NULL,NULL,NULL,NULL,NULL,NULL,NULL
214,"Chico","CA",211632,220000,"-0.038","California","39.7575","-121.8152",NULL,NULL,NULL,NULL,NULL,NULL,NULL,NULL,NULL,NULL,NULL,NULL
215,"Columbia","MO",210864,190387,"0.1076","Missouri","38.9478","-92.3256",NULL,NULL,NULL,NULL,NULL,NULL,NULL,NULL,NULL,NULL,2,NULL
216,"Springfield","IL",208640,210170,"-0.0073","Illinois","39.771","-89.6538",NULL,NULL,NULL,NULL,NULL,NULL,NULL,NULL,NULL,NULL,NULL,NULL
217,"Johnson City","TN",207285,198716,"0.0431","Tennessee","36.3406","-82.3803",NULL,NULL,NULL,NULL,NULL,NULL,NULL,NULL,NULL,NULL,1,NULL
218,"Houma","LA",207137,208178,"-0.005","Louisiana","29.5799","-90.7058",NULL,NULL,NULL,NULL,NULL,NULL,NULL,NULL,NULL,NULL,NULL,NULL
219,"Monroe","LA",207104,204420,"0.0131","Louisiana","32.5183","-92.0774",NULL,NULL,NULL,NULL,NULL,"1",160,40000,17470,"626",2,NULL
220,"Elkhart","IN",207047,197559,"0.048","Indiana","41.6916","-85.9628",NULL,NULL,NULL,NULL,NULL,NULL,NULL,NULL,NULL,NULL,NULL,NULL
221,"Jacksonville","NC",204576,177772,"0.1508","North Carolina","34.7288","-77.3941",NULL,NULL,NULL,NULL,NULL,NULL,NULL,NULL,NULL,NULL,NULL,NULL
222,"Yuma","AZ",203881,195751,"0.0415","Arizona","32.5992","-114.5488",NULL,NULL,NULL,NULL,NULL,NULL,NULL,NULL,NULL,NULL,NULL,NULL
223,"Gainesville","GA",203136,179684,"0.1305","Georgia","34.2903","-83.8301",NULL,NULL,NULL,NULL,NULL,NULL,NULL,NULL,NULL,NULL,NULL,NULL
224,"Florence","SC",199964,205566,"-0.0273","South Carolina","34.1781","-79.7877",NULL,NULL,NULL,NULL,NULL,NULL,NULL,NULL,NULL,NULL,NULL,NULL
225,"St. Cloud","MN",199671,189093,"0.0559","Minnesota","45.5339","-94.1718",NULL,NULL,NULL,NULL,NULL,NULL,NULL,NULL,NULL,NULL,NULL,NULL
226,"Bend","OR",198253,157733,"0.2569","Oregon","44.0562","-121.3087",NULL,NULL,NULL,NULL,NULL,NULL,NULL,NULL,NULL,NULL,NULL,NULL
227,"Racine","WI",197727,195408,"0.0119","Wisconsin","42.7274","-87.8135",NULL,NULL,NULL,NULL,NULL,NULL,NULL,NULL,NULL,NULL,NULL,NULL
228,"Warner Robins","GA",191614,167595,"0.1433","Georgia","32.597","-83.6529",NULL,NULL,NULL,NULL,NULL,NULL,NULL,NULL,NULL,NULL,NULL,NULL
229,"Saginaw","MI",190124,200169,"-0.0502","Michigan","43.4199","-83.9501",NULL,NULL,NULL,NULL,NULL,NULL,NULL,NULL,NULL,NULL,NULL,NULL
230,"Punta Gorda","FL",186847,159978,"0.168","Florida","26.8933","-82.0516",NULL,NULL,NULL,NULL,NULL,NULL,NULL,NULL,NULL,NULL,NULL,NULL
231,"Terre Haute","IN",185031,189764,"-0.0249","Indiana","39.4654","-87.3763",NULL,NULL,NULL,NULL,NULL,NULL,NULL,NULL,NULL,NULL,1,NULL
232,"Billings","MT",184167,167167,"0.1017","Montana","45.7891","-108.5524",NULL,NULL,NULL,NULL,NULL,NULL,NULL,NULL,NULL,NULL,NULL,NULL
233,"Redding","CA",182155,177223,"0.0278","California","40.5698","-122.365",NULL,NULL,NULL,NULL,NULL,NULL,NULL,NULL,NULL,NULL,NULL,NULL
234,"Dover","DE",181851,162310,"0.1204","Delaware","39.161","-75.5203",NULL,NULL,NULL,NULL,NULL,NULL,NULL,NULL,NULL,NULL,2,NULL
234,"Kingston","NY",181851,182493,"-0.0035","New York","41.9295","-73.9968",NULL,NULL,NULL,NULL,NULL,NULL,NULL,NULL,NULL,NULL,NULL,NULL
236,"Joplin","MO",181409,175518,"0.0336","Missouri","37.0758","-94.5018",NULL,NULL,NULL,NULL,NULL,NULL,NULL,NULL,NULL,NULL,NULL,NULL
237,"Yuba City","CA",181208,166892,"0.0858","California","39.1357","-121.6381",NULL,NULL,NULL,NULL,NULL,NULL,NULL,NULL,NULL,NULL,NULL,NULL
238,"Jackson","TN",180504,179694,"0.0045","Tennessee","35.6535","-88.8353",NULL,NULL,NULL,NULL,NULL,NULL,NULL,NULL,NULL,NULL,NULL,NULL
239,"St. George","UT",180279,138115,"0.3053","Utah","37.077","-113.577",NULL,NULL,NULL,NULL,NULL,NULL,NULL,NULL,NULL,NULL,NULL,NULL
240,"El Centro","CA",179702,174528,"0.0296","California","32.7867","-115.5586",NULL,NULL,NULL,NULL,NULL,NULL,NULL,NULL,NULL,NULL,NULL,NULL
241,"Bowling Green","KY",179639,158599,"0.1327","Kentucky","36.9719","-86.4373",NULL,NULL,NULL,NULL,NULL,NULL,NULL,NULL,NULL,NULL,2,NULL
242,"Abilene","TX",176579,165252,"0.0685","Texas","32.4543","-99.7384",NULL,NULL,NULL,NULL,NULL,NULL,NULL,NULL,NULL,NULL,1,NULL
243,"Muskegon","MI",175824,172188,"0.0211","Michigan","43.2281","-86.2563",NULL,NULL,NULL,NULL,NULL,NULL,NULL,NULL,NULL,NULL,NULL,NULL
244,"Iowa City","IA",175419,152586,"0.1496","Iowa","41.6559","-91.5303",NULL,NULL,NULL,NULL,NULL,NULL,NULL,NULL,NULL,NULL,2,NULL
245,"Midland","TX",175220,141671,"0.2368","Texas","32.0249","-102.1137",NULL,NULL,NULL,NULL,NULL,NULL,NULL,NULL,NULL,NULL,NULL,NULL
246,"Panama City","FL",175216,168852,"0.0377","Florida","30.1995","-85.6004",NULL,NULL,NULL,NULL,NULL,NULL,NULL,NULL,NULL,NULL,NULL,NULL
247,"Auburn","AL",174241,140247,"0.2424","Alabama","32.6087","-85.4899",NULL,NULL,NULL,NULL,NULL,NULL,NULL,NULL,NULL,NULL,2,NULL
248,"Hattiesburg","MS",172231,162410,"0.0605","Mississippi","31.3074","-89.317",NULL,NULL,NULL,NULL,NULL,NULL,NULL,NULL,NULL,NULL,2,NULL
249,"Eau Claire","WI",172007,161151,"0.0674","Wisconsin","44.8199","-91.4949",NULL,NULL,NULL,NULL,NULL,NULL,NULL,NULL,NULL,NULL,NULL,NULL
250,"Oshkosh","WI",171730,166994,"0.0284","Wisconsin","44.0228","-88.5619",NULL,NULL,NULL,NULL,NULL,"1",425,13800,6279,"216.4",NULL,NULL
251,"Burlington","NC",171415,151131,"0.1342","North Carolina","36.0758","-79.4686",NULL,NULL,NULL,NULL,NULL,"1",290,52000,9642,"732.1",NULL,NULL
252,"Coeur d-Alene","ID",171362,138494,"0.2373",NULL,NULL,NULL,NULL,NULL,NULL,NULL,NULL,NULL,NULL,NULL,NULL,NULL,NULL,NULL
253,"Bloomington","IL",170954,169572,"0.0081","Illinois","40.4757","-88.9703",NULL,NULL,NULL,NULL,NULL,"1",33,68234,76132,"350.3",NULL,NULL
254,"Greenville","NC",170243,168148,"0.0125","North Carolina","35.5956","-77.3768",NULL,NULL,NULL,NULL,NULL,NULL,NULL,NULL,NULL,NULL,2,NULL
255,"Waterloo","IA",168461,167819,"0.0038","Iowa","42.492","-92.3522",NULL,NULL,NULL,NULL,NULL,NULL,NULL,NULL,NULL,NULL,NULL,NULL
256,"East Stroudsburg","PA",168327,169842,"-0.0089","Pennsylvania","41.0023","-75.1779",NULL,NULL,NULL,NULL,NULL,NULL,NULL,NULL,NULL,NULL,NULL,NULL
257,"Pueblo","CO",168162,159063,"0.0572","Colorado","38.2705","-104.6112",NULL,NULL,NULL,NULL,NULL,NULL,NULL,NULL,NULL,NULL,NULL,NULL
258,"Wausau","WI",166428,162806,"0.0222","Wisconsin","44.962","-89.6459",NULL,NULL,NULL,NULL,NULL,NULL,NULL,NULL,NULL,NULL,NULL,NULL
259,"Blacksburg","VA",166378,162958,"0.021","Virginia","37.23","-80.4279",NULL,NULL,NULL,NULL,NULL,NULL,NULL,NULL,NULL,NULL,2,NULL
260,"Odessa","TX",165171,137130,"0.2045","Texas","31.8831","-102.3406",NULL,NULL,NULL,NULL,NULL,NULL,NULL,NULL,NULL,NULL,NULL,NULL
261,"Kahului","HI",164754,154834,"0.0641","Hawaii","20.8715","-156.4603",NULL,NULL,NULL,NULL,NULL,NULL,NULL,NULL,NULL,NULL,NULL,NULL
262,"Janesville","WI",163687,160331,"0.0209","Wisconsin","42.6855","-89.0136",NULL,NULL,NULL,NULL,NULL,NULL,NULL,NULL,NULL,NULL,NULL,NULL
263,"Bloomington","IN",161039,159549,"0.0093","Indiana","39.1637","-86.5257",NULL,NULL,NULL,NULL,NULL,NULL,NULL,NULL,NULL,NULL,2,NULL
264,"Jackson","MI",160366,160248,"0.0007","Michigan","42.2431","-84.4037",NULL,NULL,NULL,NULL,NULL,"1",419,7750,6399,"551",NULL,NULL
265,"Sebastian","FL",159788,138028,"0.1576","Florida","27.7882","-80.4813",NULL,NULL,NULL,NULL,NULL,NULL,NULL,NULL,NULL,NULL,NULL,NULL
266,"State College","PA",158172,153990,"0.0272","Pennsylvania","40.7909","-77.8568",NULL,NULL,NULL,NULL,NULL,NULL,NULL,NULL,NULL,NULL,2,NULL
267,"Idaho Falls","ID",157429,133265,"0.1813","Idaho","43.4872","-112.0362",NULL,NULL,NULL,NULL,NULL,NULL,NULL,NULL,NULL,NULL,NULL,NULL
268,"Decatur","AL",156494,153829,"0.0173","Alabama","34.573","-86.9906",NULL,NULL,NULL,NULL,NULL,NULL,NULL,NULL,NULL,NULL,NULL,NULL
269,"Madera","CA",156255,150865,"0.0357","California","36.9631","-120.0782",NULL,NULL,NULL,NULL,NULL,NULL,NULL,NULL,NULL,NULL,NULL,NULL
270,"Chambersburg","PA",155932,149618,"0.0422","Pennsylvania","39.9315","-77.6556",NULL,NULL,NULL,NULL,NULL,NULL,NULL,NULL,NULL,NULL,NULL,NULL
271,"Grand Junction","CO",155703,146723,"0.0612","Colorado","39.0876","-108.5673",NULL,NULL,NULL,NULL,NULL,NULL,NULL,NULL,NULL,NULL,NULL,NULL
272,"Elizabethtown","KY",155572,148338,"0.0488","Kentucky","37.703","-85.877",NULL,NULL,NULL,NULL,NULL,NULL,NULL,NULL,NULL,NULL,NULL,NULL
273,"Santa Fe","NM",154823,144170,"0.0739","New Mexico","35.6619","-105.9819",NULL,NULL,NULL,NULL,NULL,NULL,NULL,NULL,NULL,NULL,NULL,NULL
274,"Monroe","MI",154809,152021,"0.0183","Michigan","41.9154","-83.385",NULL,NULL,NULL,NULL,NULL,NULL,NULL,NULL,NULL,NULL,NULL,NULL
275,"Niles","MI",154316,156813,"-0.0159","Michigan","41.8346","-86.2473",NULL,NULL,NULL,NULL,NULL,NULL,NULL,NULL,NULL,NULL,NULL,NULL
276,"Vineland","NJ",154152,156898,"-0.0175","New Jersey","39.4653","-74.9981",NULL,NULL,NULL,NULL,NULL,NULL,NULL,NULL,NULL,NULL,NULL,NULL
277,"Homosassa Springs","FL",153843,141236,"0.0893","Florida","28.8118","-82.5392",NULL,NULL,NULL,NULL,NULL,NULL,NULL,NULL,NULL,NULL,NULL,NULL
278,"Hanford","CA",152486,152982,"-0.0032","California","36.3274","-119.6549",NULL,NULL,NULL,NULL,NULL,NULL,NULL,NULL,NULL,NULL,NULL,NULL
279,"Bangor","ME",152199,153923,"-0.0112","Maine","44.8322","-68.7906",NULL,NULL,NULL,NULL,NULL,NULL,NULL,NULL,NULL,NULL,1,NULL
280,"Alexandria","LA",152192,153922,"-0.0112","Louisiana","31.2923","-92.4702",NULL,NULL,NULL,NULL,NULL,NULL,NULL,NULL,NULL,NULL,NULL,NULL
281,"Dothan","AL",151007,145639,"0.0369","Alabama","31.2335","-85.4069",NULL,NULL,NULL,NULL,NULL,NULL,NULL,NULL,NULL,NULL,NULL,NULL
282,"Florence","AL",150791,147137,"0.0248","Alabama","34.8303","-87.6654",NULL,NULL,NULL,NULL,NULL,NULL,NULL,NULL,NULL,NULL,1,NULL
283,"Jefferson City","MO",150309,149807,"0.0034","Missouri","38.5676","-92.1759",NULL,NULL,NULL,NULL,NULL,NULL,NULL,NULL,NULL,NULL,NULL,NULL
284,"Sioux City","IA",149940,143577,"0.0443","Iowa","42.4959","-96.3901",NULL,NULL,NULL,NULL,NULL,NULL,NULL,NULL,NULL,NULL,NULL,NULL
285,"Albany","GA",148922,153857,"-0.0321","Georgia","31.5776","-84.1762",NULL,NULL,NULL,NULL,NULL,NULL,NULL,NULL,NULL,NULL,NULL,NULL
286,"Wichita Falls","TX",148128,151306,"-0.021","Texas","33.9072","-98.5291",NULL,NULL,NULL,NULL,NULL,NULL,NULL,NULL,NULL,NULL,NULL,NULL
287,"Valdosta","GA",148126,139588,"0.0612","Georgia","30.8502","-83.2788",NULL,NULL,NULL,NULL,NULL,NULL,NULL,NULL,NULL,NULL,NULL,NULL
288,"Texarkana","TX",147519,149198,"-0.0113","Texas","33.4487","-94.0815",NULL,NULL,NULL,NULL,NULL,NULL,NULL,NULL,NULL,NULL,NULL,NULL
289,"Logan","UT",147348,125442,"0.1746","Utah","41.74","-111.8419",NULL,NULL,NULL,NULL,NULL,NULL,NULL,NULL,NULL,NULL,2,NULL
290,"Flagstaff","AZ",145101,134421,"0.0795","Arizona","35.1872","-111.6195",NULL,NULL,NULL,NULL,NULL,NULL,NULL,NULL,NULL,NULL,1,NULL
291,"Rocky Mount","NC",143870,152392,"-0.0559","North Carolina","35.9676","-77.8048",NULL,NULL,NULL,NULL,NULL,NULL,NULL,NULL,NULL,NULL,NULL,NULL
292,"Lebanon","PA",143257,133568,"0.0725","Pennsylvania","40.3412","-76.4227",NULL,NULL,NULL,NULL,NULL,NULL,NULL,NULL,NULL,NULL,NULL,NULL
293,"Dalton","GA",142837,142227,"0.0043","Georgia","34.769","-84.9712",NULL,NULL,NULL,NULL,NULL,NULL,NULL,NULL,NULL,NULL,NULL,NULL
294,"Morristown","TN",142709,136608,"0.0447","Tennessee","36.2046","-83.3006",NULL,NULL,NULL,NULL,NULL,NULL,NULL,NULL,NULL,NULL,NULL,NULL
295,"Winchester","VA",142632,128472,"0.1102","Virginia","39.1735","-78.1746",NULL,NULL,NULL,NULL,NULL,NULL,NULL,NULL,NULL,NULL,NULL,NULL
296,"Morgantown","WV",140038,129709,"0.0796","West Virginia","39.638","-79.9468",NULL,NULL,NULL,NULL,NULL,NULL,NULL,NULL,NULL,NULL,2,NULL
297,"La Crosse","WI",139627,133665,"0.0446","Wisconsin","43.824","-91.2268",NULL,NULL,NULL,NULL,NULL,NULL,NULL,NULL,NULL,NULL,NULL,NULL
298,"Wheeling","WV",139513,147950,"-0.057","West Virginia","40.0752","-80.6951",NULL,NULL,NULL,NULL,NULL,NULL,NULL,NULL,NULL,NULL,NULL,NULL
299,"Rapid City","SD",139074,126382,"0.1004","South Dakota","44.0716","-103.2204",NULL,NULL,NULL,NULL,NULL,NULL,NULL,NULL,NULL,NULL,NULL,NULL
300,"Napa","CA",138019,136484,"0.0112","California","38.2976","-122.3011",NULL,NULL,NULL,NULL,NULL,NULL,NULL,NULL,NULL,NULL,1,NULL
301,"Sumter","SC",136700,142427,"-0.0402","South Carolina","33.9392","-80.393",NULL,NULL,NULL,NULL,NULL,NULL,NULL,NULL,NULL,NULL,NULL,NULL
302,"Springfield","OH",136001,138333,"-0.0169","Ohio","39.9297","-83.7957",NULL,NULL,NULL,NULL,NULL,NULL,NULL,NULL,NULL,NULL,NULL,NULL
303,"Harrisonburg","VA",135571,125228,"0.0826","Virginia","38.4361","-78.8735",NULL,NULL,NULL,NULL,NULL,NULL,NULL,NULL,NULL,NULL,1,NULL
304,"Sherman","TX",135543,120877,"0.1213","Texas","33.6274","-96.6218",NULL,NULL,NULL,NULL,NULL,NULL,NULL,NULL,NULL,NULL,NULL,NULL
305,"Battle Creek","MI",134310,136146,"-0.0135","Michigan","42.2986","-85.2296",NULL,NULL,NULL,NULL,NULL,"1",216,37369,13014,"694",NULL,NULL
306,"Jonesboro","AR",134196,121026,"0.1088","Arkansas","35.8212","-90.6791",NULL,NULL,NULL,NULL,NULL,NULL,NULL,NULL,NULL,NULL,2,NULL
307,"Manhattan","KS",134046,127081,"0.0548","Kansas","39.1886","-96.6046",NULL,NULL,NULL,NULL,NULL,NULL,NULL,NULL,NULL,NULL,2,NULL
308,"Bismarck","ND",133626,110625,"0.2079","North Dakota","46.8144","-100.7694",NULL,NULL,NULL,NULL,NULL,NULL,NULL,NULL,NULL,NULL,NULL,NULL
309,"Johnstown","PA",133472,143679,"-0.071","Pennsylvania","40.3258","-78.9193",NULL,NULL,NULL,NULL,NULL,NULL,NULL,NULL,NULL,NULL,NULL,NULL
310,"Carbondale","IL",133435,139157,"-0.0411","Illinois","37.7221","-89.2238",NULL,NULL,NULL,NULL,NULL,NULL,NULL,NULL,NULL,NULL,1,NULL
311,"Hammond","LA",133157,121097,"0.0996","Louisiana","30.5061","-90.4563",NULL,NULL,NULL,NULL,NULL,NULL,NULL,NULL,NULL,NULL,1,NULL
312,"The Villages","FL",129752,93420,"0.3889","Florida","28.9021","-81.9888",NULL,NULL,NULL,NULL,NULL,NULL,NULL,NULL,NULL,NULL,NULL,NULL
313,"Mount Vernon","WA",129523,116901,"0.108","Washington","48.4202","-122.3115",NULL,NULL,NULL,NULL,NULL,NULL,NULL,NULL,NULL,NULL,NULL,NULL
314,"Pittsfield","MA",129026,131219,"-0.0167","Massachusetts","42.4517","-73.2605",NULL,NULL,NULL,NULL,NULL,NULL,NULL,NULL,NULL,NULL,NULL,NULL
315,"Albany","OR",128610,116672,"0.1023","Oregon","44.6274","-123.0966",NULL,NULL,NULL,NULL,NULL,NULL,NULL,NULL,NULL,NULL,NULL,NULL
316,"Glens Falls","NY",127039,128923,"-0.0146","New York","43.3109","-73.6459",NULL,NULL,NULL,NULL,NULL,NULL,NULL,NULL,NULL,NULL,NULL,NULL
317,"Lawton","OK",126652,130291,"-0.0279","Oklahoma","34.6176","-98.4203",NULL,NULL,NULL,NULL,NULL,NULL,NULL,NULL,NULL,NULL,NULL,NULL
318,"Cleveland","TN",126164,115788,"0.0896","Tennessee","35.1817","-84.8707",NULL,NULL,NULL,NULL,NULL,NULL,NULL,NULL,NULL,NULL,NULL,NULL
319,"Sierra Vista","AZ",125447,131346,"-0.0449","Arizona","31.563","-110.3153",NULL,NULL,NULL,NULL,NULL,NULL,NULL,NULL,NULL,NULL,NULL,NULL
320,"Staunton","VA",125433,118502,"0.0585","Virginia","38.1593","-79.0611",NULL,NULL,NULL,NULL,NULL,NULL,NULL,NULL,NULL,NULL,NULL,NULL
321,"Ames","IA",125252,115848,"0.0812","Iowa","42.0259","-93.6215",NULL,NULL,NULL,NULL,NULL,NULL,NULL,NULL,NULL,NULL,2,NULL
322,"Mansfield","OH",124936,124475,"0.0037","Ohio","40.7656","-82.5275",NULL,NULL,NULL,NULL,NULL,NULL,NULL,NULL,NULL,NULL,NULL,NULL
323,"San Angelo","TX",122888,112966,"0.0878","Texas","31.4424","-100.4506",NULL,NULL,NULL,NULL,NULL,NULL,NULL,NULL,NULL,NULL,NULL,NULL
324,"Altoona","PA",122822,127089,"-0.0336","Pennsylvania","40.5082","-78.4007",NULL,NULL,NULL,NULL,NULL,NULL,NULL,NULL,NULL,NULL,NULL,NULL
325,"New Bern","NC",122168,126802,"-0.0365","North Carolina","35.0955","-77.0723",NULL,NULL,NULL,NULL,NULL,NULL,NULL,NULL,NULL,NULL,NULL,NULL
326,"Wenatchee","WA",122012,110884,"0.1004","Washington","47.4356","-120.3283",NULL,NULL,NULL,NULL,NULL,NULL,NULL,NULL,NULL,NULL,NULL,NULL
327,"Farmington","NM",121661,130044,"-0.0645","New Mexico","36.7555","-108.1823",NULL,NULL,NULL,NULL,NULL,NULL,NULL,NULL,NULL,NULL,NULL,NULL
328,"Owensboro","KY",121559,114752,"0.0593","Kentucky","37.7574","-87.1173",NULL,NULL,NULL,NULL,NULL,NULL,NULL,NULL,NULL,NULL,NULL,NULL
329,"St. Joseph","MO",121467,127329,"-0.046","Missouri","39.7599","-94.821",NULL,NULL,NULL,NULL,NULL,NULL,NULL,NULL,NULL,NULL,NULL,NULL
330,"Lawrence","KS",118785,110826,"0.0718","Kansas","38.9597","-95.2641",NULL,NULL,NULL,NULL,NULL,NULL,NULL,NULL,NULL,NULL,2,NULL
331,"Sheboygan","WI",118034,115507,"0.0219","Wisconsin","43.7403","-87.7316",NULL,NULL,NULL,NULL,NULL,NULL,NULL,NULL,NULL,NULL,NULL,NULL
332,"Missoula","MT",117922,109299,"0.0789","Montana","46.875","-114.0214",NULL,NULL,NULL,NULL,NULL,NULL,NULL,NULL,NULL,NULL,1,NULL
333,"Goldsboro","NC",117333,122623,"-0.0431","North Carolina","35.3778","-77.972",NULL,NULL,NULL,NULL,NULL,NULL,NULL,NULL,NULL,NULL,NULL,NULL
334,"Weirton","WV",116903,124454,"-0.0607","West Virginia","40.406","-80.5671",NULL,NULL,NULL,NULL,NULL,NULL,NULL,NULL,NULL,NULL,NULL,NULL
335,"Watertown","NY",116721,116229,"0.0042","New York","43.9734","-75.9094",NULL,NULL,NULL,NULL,NULL,NULL,NULL,NULL,NULL,NULL,NULL,NULL
336,"Anniston","AL",116441,118572,"-0.018","Alabama","33.6712","-85.8136",NULL,NULL,NULL,NULL,NULL,NULL,NULL,NULL,NULL,NULL,NULL,NULL
337,"Beckley","WV",115079,124898,"-0.0786","West Virginia","37.7878","-81.1841",NULL,NULL,NULL,NULL,NULL,NULL,NULL,NULL,NULL,NULL,NULL,NULL
338,"Twin Falls","ID",114283,99604,"0.1474","Idaho","42.5645","-114.4615",NULL,NULL,NULL,NULL,NULL,NULL,NULL,NULL,NULL,NULL,NULL,NULL
339,"Williamsport","PA",114188,116111,"-0.0166","Pennsylvania","41.2398","-77.0371",NULL,NULL,NULL,NULL,NULL,NULL,NULL,NULL,NULL,NULL,NULL,NULL
340,"California","MD",113777,105151,"0.082","Maryland","38.2969","-76.4949",NULL,NULL,NULL,NULL,NULL,NULL,NULL,NULL,NULL,NULL,NULL,NULL
341,"Brunswick","GA",113495,112370,"0.01","Georgia","31.145","-81.474",NULL,NULL,NULL,NULL,NULL,NULL,NULL,NULL,NULL,NULL,NULL,NULL
342,"Michigan City","IN",112417,111467,"0.0085","Indiana","41.7099","-86.8705",NULL,NULL,NULL,NULL,NULL,NULL,NULL,NULL,NULL,NULL,NULL,NULL
343,"Muncie","IN",111903,117671,"-0.049","Indiana","40.1989","-85.395",NULL,NULL,NULL,NULL,NULL,NULL,NULL,NULL,NULL,NULL,2,NULL
344,"Lewiston","ME",111139,107702,"0.0319","Maine","44.0915","-70.1681",NULL,NULL,NULL,NULL,NULL,NULL,NULL,NULL,NULL,NULL,NULL,NULL
345,"Longview","WA",110730,102410,"0.0812","Washington","46.1461","-122.9629",NULL,NULL,NULL,NULL,NULL,NULL,NULL,NULL,NULL,NULL,NULL,NULL
346,"Kankakee","IL",107502,113449,"-0.0524","Illinois","41.1019","-87.8643",NULL,NULL,NULL,NULL,NULL,NULL,NULL,NULL,NULL,NULL,NULL,NULL
347,"Ithaca","NY",105740,101564,"0.0411","New York","42.4442","-76.5032",NULL,NULL,NULL,NULL,NULL,NULL,NULL,NULL,NULL,NULL,NULL,NULL
348,"Grand Forks","ND",104362,98461,"0.0599","North Dakota","47.9218","-97.0886",NULL,NULL,NULL,NULL,NULL,NULL,NULL,NULL,NULL,NULL,NULL,NULL
349,"Fond du Lac","WI",104154,101633,"0.0248","Wisconsin","43.7718","-88.4396",NULL,NULL,NULL,NULL,NULL,NULL,NULL,NULL,NULL,NULL,NULL,NULL
350,"Decatur","IL",103998,110768,"-0.0611","Illinois","39.8556","-88.9337",NULL,NULL,NULL,NULL,NULL,"1",45,31800,62346,"1279",NULL,NULL
351,"Bay City","MI",103856,107771,"-0.0363","Michigan","43.5903","-83.8886",NULL,NULL,NULL,NULL,NULL,NULL,NULL,NULL,NULL,NULL,NULL,NULL
352,"Gettysburg","PA",103852,101407,"0.0241","Pennsylvania","39.8304","-77.2339",NULL,NULL,NULL,NULL,NULL,NULL,NULL,NULL,NULL,NULL,NULL,NULL
353,"Mankato","MN",103566,96740,"0.0706","Minnesota","44.1712","-93.9773",NULL,NULL,NULL,NULL,NULL,NULL,NULL,NULL,NULL,NULL,NULL,NULL
354,"Gadsden","AL",103436,104430,"-0.0095","Alabama","34.009","-86.0156",NULL,NULL,NULL,NULL,NULL,NULL,NULL,NULL,NULL,NULL,NULL,NULL
355,"Lima","OH",102206,106331,"-0.0388","Ohio","40.741","-84.1121",NULL,NULL,NULL,NULL,NULL,NULL,NULL,NULL,NULL,NULL,NULL,NULL
356,"Sebring","FL",101235,98786,"0.0248","Florida","27.477","-81.453",NULL,NULL,NULL,NULL,NULL,NULL,NULL,NULL,NULL,NULL,NULL,NULL
357,"Cheyenne","WY",100512,91738,"0.0956","Wyoming","41.1351","-104.79",NULL,NULL,NULL,NULL,NULL,NULL,NULL,NULL,NULL,NULL,NULL,NULL
358,"Hot Springs","AR",100180,96024,"0.0433","Arkansas","34.4892","-93.0501",NULL,NULL,NULL,NULL,NULL,NULL,NULL,NULL,NULL,NULL,1,NULL
359,"Dubuque","IA",99266,93653,"0.0599","Iowa","42.5008","-90.7067",NULL,NULL,NULL,NULL,NULL,NULL,NULL,NULL,NULL,NULL,NULL,NULL
360,"Rome","GA",98584,96317,"0.0235","Georgia","34.2661","-85.1862",NULL,NULL,NULL,NULL,NULL,NULL,NULL,NULL,NULL,NULL,NULL,NULL
361,"Victoria","TX",98331,94003,"0.046","Texas","28.8285","-96.985",NULL,NULL,NULL,NULL,NULL,NULL,NULL,NULL,NULL,NULL,NULL,NULL
362,"Cape Girardeau","MO",97517,96275,"0.0129","Missouri","37.3108","-89.5597",NULL,NULL,NULL,NULL,NULL,NULL,NULL,NULL,NULL,NULL,1,NULL
363,"Fairbanks","AK",95655,97581,"-0.0197","Alaska","64.8353","-147.6534",NULL,NULL,NULL,NULL,NULL,NULL,NULL,NULL,NULL,NULL,NULL,NULL
364,"Ocean City","NJ",95263,97265,"-0.0206","New Jersey","39.2682","-74.6019",NULL,NULL,NULL,NULL,NULL,NULL,NULL,NULL,NULL,NULL,NULL,NULL
365,"Corvallis","OR",95184,85579,"0.1122","Oregon","44.5697","-123.278",NULL,NULL,NULL,NULL,NULL,NULL,NULL,NULL,NULL,NULL,2,NULL
366,"Cumberland","MD",95044,103299,"-0.0799","Maryland","39.6515","-78.7585",NULL,NULL,NULL,NULL,NULL,NULL,NULL,NULL,NULL,NULL,NULL,NULL
367,"Pocatello","ID",94896,90656,"0.0468","Idaho","42.8724","-112.4646",NULL,NULL,NULL,NULL,NULL,NULL,NULL,NULL,NULL,NULL,2,NULL
368,"Parkersburg","WV",89490,92673,"-0.0343","West Virginia","39.2624","-81.542",NULL,NULL,NULL,NULL,NULL,NULL,NULL,NULL,NULL,NULL,NULL,NULL
369,"Grants Pass","OR",88090,82713,"0.065","Oregon","42.4333","-123.3317",NULL,NULL,NULL,NULL,NULL,NULL,NULL,NULL,NULL,NULL,NULL,NULL
370,"Pine Bluff","AR",87751,100258,"-0.1247","Arkansas","34.2116","-92.0178",NULL,NULL,NULL,NULL,NULL,NULL,NULL,NULL,NULL,NULL,1,NULL
371,"Great Falls","MT",84414,81327,"0.038","Montana","47.5022","-111.2995",NULL,NULL,NULL,NULL,NULL,NULL,NULL,NULL,NULL,NULL,NULL,NULL
372,"Elmira","NY",84148,88830,"-0.0527","New York","42.0938","-76.8097",NULL,NULL,NULL,NULL,NULL,NULL,NULL,NULL,NULL,NULL,NULL,NULL
373,"Kokomo","IN",83658,82752,"0.0109","Indiana","40.464","-86.1277",NULL,NULL,NULL,NULL,NULL,NULL,NULL,NULL,NULL,NULL,NULL,NULL
374,"Midland","MI",83494,83629,"-0.0016","Michigan","43.6241","-84.2319",NULL,NULL,NULL,NULL,NULL,"1",62,56000,48158,"4318",NULL,NULL
375,"Bloomsburg","PA",82863,85562,"-0.0315","Pennsylvania","41.0027","-76.4561",NULL,NULL,NULL,NULL,NULL,NULL,NULL,NULL,NULL,NULL,NULL,NULL
376,"Columbus","IN",82208,76794,"0.0705","Indiana","39.2093","-85.9183",NULL,NULL,NULL,NULL,NULL,"1",159,55400,17509,"1394",NULL,NULL
377,"Hinesville","GA",81424,77917,"0.045","Georgia","31.8247","-81.6135",NULL,NULL,NULL,NULL,NULL,NULL,NULL,NULL,NULL,NULL,NULL,NULL
378,"Casper","WY",79955,75450,"0.0597","Wyoming","42.842","-106.3207",NULL,NULL,NULL,NULL,NULL,NULL,NULL,NULL,NULL,NULL,NULL,NULL
379,"Grand Island","NE",77038,72726,"0.0593","Nebraska","40.9214","-98.3584",NULL,NULL,NULL,NULL,NULL,NULL,NULL,NULL,NULL,NULL,NULL,NULL
380,"Danville","IL",74188,81625,"-0.0911","Illinois","40.1423","-87.6114",NULL,NULL,NULL,NULL,NULL,NULL,NULL,NULL,NULL,NULL,NULL,NULL
381,"Lewiston","ID",64375,60888,"0.0573","Idaho","46.3934","-116.9934",NULL,NULL,NULL,NULL,NULL,NULL,NULL,NULL,NULL,NULL,NULL,NULL
382,"Enid","OK",62846,60580,"0.0374","Oklahoma","36.4061","-97.8701",NULL,NULL,NULL,NULL,NULL,NULL,NULL,NULL,NULL,NULL,NULL,NULL
383,"Walla Walla","WA",62584,58781,"0.0647","Washington","46.067","-118.3366",NULL,NULL,NULL,NULL,NULL,NULL,NULL,NULL,NULL,NULL,NULL,NULL
384,"Carson City","NV",58639,55274,"0.0609","Nevada","39.1512","-119.7474",NULL,NULL,NULL,NULL,NULL,NULL,NULL,NULL,NULL,NULL,NULL,NULL
